{"is_source_file": false, "format": "", "description": "", "external_files": [], "external_methods": [], "published": [], "classes": [], "methods": [], "calls": [], "search-terms": [], "state": 2, "file_id": 1, "knowledge_revision": 10, "git_revision": "c139c618ba61e24ea8ec19c4e137c70364660769", "hash": "f80b692e04ee2c33c6e735e598e83ea4", "format-version": 4, "code-base-name": "shopping_app_database", "filename": "README.md", "revision_history": [{"10": "c139c618ba61e24ea8ec19c4e137c70364660769"}]}