{"is_source_file": true, "format": "bash", "description": "This is a shell script that sets up and initializes a PostgreSQL database server, including starting the server, creating a database and user, setting permissions, and saving configuration details.", "external_files": ["/usr/lib/postgresql/", "/var/lib/postgresql/data/", "db_connection.txt", "db_visualizer/postgres.env"], "external_methods": ["ls", "sudo", "pg_isready", "pgrep", "psql", "initdb", "createdb"], "published": [], "classes": [], "methods": [], "calls": ["ls", "sudo -u postgres pg_isready", "sudo -u postgres psql", "sudo -u postgres initdb", "sudo -u postgres createdb"], "search-terms": ["PostgreSQL", "startup script", "database setup", "initdb", "psql", "pg_isready", "createdb", "shell script"], "state": 2, "file_id": 7, "knowledge_revision": 13, "git_revision": "ddd57ea6b87e4338a4576f18abe9a2a210e4921b", "hash": "fa2aa67ea0a7c72f7c0958282f15a864", "format-version": 4, "code-base-name": "shopping_app_database", "filename": "shopping_app_database/startup.sh", "revision_history": [{"13": "ddd57ea6b87e4338a4576f18abe9a2a210e4921b"}]}