{"is_source_file": true, "format": "bash", "description": "A shell script for automatically detecting and backing up various types of databases (SQLite, PostgreSQL, MySQL, MongoDB). It includes logic to handle different database connection scenarios and saves backups accordingly.", "external_files": ["/usr/lib/postgresql/", "/var/run/mysqld/mysqld.sock"], "external_methods": ["ls", "cp", "sudo -u postgres pg_isready", "sudo mysqladmin", "mysqladmin ping", "mysql", "mysqldump", "mongosh", "mongodump"], "published": [], "classes": [], "methods": [], "calls": ["ls", "cp", "sudo -u postgres pg_isready", "mysqladmin ping", "mysql -h localhost -P ${DB_PORT} -u ${DB_USER} -p${DB_PASSWORD} -e \"SELECT 1\"", "mysqldump -h localhost -P ${DB_PORT} -u ${DB_USER} -p${DB_PASSWORD} --databases ${DB_NAME} --add-drop-database --routines --triggers --single-transaction", "mysql -h localhost -P ${DB_PORT} -u root -p${DB_PASSWORD} -e \"SELECT 1\"", "sudo mysql --socket=/var/run/mysqld/mysqld.sock -u root -p${DB_PASSWORD} -e \"SELECT 1\"", "sudo mysqldump --socket=/var/run/mysqld/mysqld.sock -u root -p${DB_PASSWORD} --databases ${DB_NAME} --add-drop-database --routines --triggers --single-transaction", "mongosh --port ${DB_PORT} --eval \"db.adminCommand('ping')\"", "mongodump --port ${DB_PORT} --db ${DB_NAME} --archive=database_backup.archive --quiet"], "search-terms": ["backup_db.sh", "database backup", "SQLite", "PostgreSQL", "MySQL", "MongoDB", "multidatabase backup script", "database detection", "scripting for database backup"], "state": 2, "file_id": 2, "knowledge_revision": 14, "git_revision": "ddd57ea6b87e4338a4576f18abe9a2a210e4921b", "hash": "7af9aa35fa4940f934d83f6e2621b732", "format-version": 4, "code-base-name": "shopping_app_database", "filename": "shopping_app_database/backup_db.sh", "revision_history": [{"14": "ddd57ea6b87e4338a4576f18abe9a2a210e4921b"}]}