{"is_source_file": true, "format": "HTML", "description": "HTML source code for a web-based database visualizer interface, including CSS styling and JavaScript logic for fetching and displaying database information, tables, and data with interactive elements.", "external_files": [], "external_methods": [], "published": [], "classes": [], "methods": [], "calls": ["fetch", "fetchData", "loadDatabases", "refreshDatabases", "toggleDatabase", "loadTables", "loadTableData", "renderTable", "renderCell", "expandCell", "setActiveState", "showLoading", "showError", "showEmptyState"], "search-terms": ["Database Viewer", "HTML", "CSS", "JavaScript", "interactive table", "database list", "table display", "data fetch"], "state": 2, "file_id": 4, "knowledge_revision": 11, "git_revision": "ddd57ea6b87e4338a4576f18abe9a2a210e4921b", "hash": "ee63333a4841bf025439c755a74c9881", "format-version": 4, "code-base-name": "shopping_app_database", "filename": "shopping_app_database/db_visualizer/public/index.html", "revision_history": [{"11": "ddd57ea6b87e4338a4576f18abe9a2a210e4921b"}]}