{"is_source_file": false, "format": "", "description": "", "external_files": [], "external_methods": [], "published": [], "classes": [], "methods": [], "calls": [], "search-terms": [], "state": 2, "file_id": 5, "knowledge_revision": 9, "git_revision": "ddd57ea6b87e4338a4576f18abe9a2a210e4921b", "hash": "0c9f36dfd1a6dee9fa952c06ab7d9563", "format-version": 4, "code-base-name": "shopping_app_database", "filename": "shopping_app_database/db_visualizer/package.json", "revision_history": [{"9": "ddd57ea6b87e4338a4576f18abe9a2a210e4921b"}]}