{"is_source_file": true, "format": "bash script", "description": "This script automates the process of restoring different types of databases (SQLite, PostgreSQL, MySQL, MongoDB) from backup files, with detection and fallback mechanisms.", "external_files": ["database_backup.db", "database_backup.sql", "database_backup.archive"], "external_methods": ["ls", "cp", "sudo -u postgres pg_isready", "psql", "mysqladmin", "mysql", "mongosh", "mongorestore"], "published": [], "classes": [], "methods": [], "calls": ["ls", "cp", "sudo -u postgres pg_isready", "psql", "mysqladmin ping", "mysql", "mongosh --port", "mongosh --eval", "mongorestore"], "search-terms": ["restore_db.sh", "database restore script", "backup detection", "SQLite restore", "PostgreSQL restore", "MySQL restore", "MongoDB restore", "database backup files", "automation", "database restore"], "state": 2, "file_id": 3, "knowledge_revision": 12, "git_revision": "ddd57ea6b87e4338a4576f18abe9a2a210e4921b", "hash": "67505395c0df4c9c001ab8f47571f3fb", "format-version": 4, "code-base-name": "shopping_app_database", "filename": "shopping_app_database/restore_db.sh", "revision_history": [{"12": "ddd57ea6b87e4338a4576f18abe9a2a210e4921b"}]}